,word,score
0,あがく,-1
1,あきらめる,-1
2,あきる,-1
3,あきれる,-1
4,あせる,-1
5,あなどる,-1
6,あやしむ,-1
7,あやぶむ,-1
8,あやまる,-1
9,あらそ,-1
10,あわてる,-1
11,いたたまれない,-1
12,いたむ,-1
13,いつわる,-1
14,いらだたしい,-1
15,いら立つ,-1
16,うつうつ,-1
17,うなだれる,-1
18,うなる,-1
19,うらむ,-1
20,うんざり,-1
21,おちいる,-1
22,おぼれる,-1
23,かさばる,-1
24,かなう,-1
25,かなしむ,-1
26,がたつく,-1
27,がっくり,-1
28,くさる,-1
29,くずれる,-1
30,くたびれる,-1
31,くやむ,-1
32,くるしむ,-1
33,けだるい,-1
34,こじらせる,-1
35,こそばゆい,-1
36,こたえる,-1
37,こぼす,-1
38,こまる,-1
39,こりる,-1
40,こわさ,-1
41,さじ,-1
42,しから,-1
43,しくじる,-1
44,しょぼくれる,-1
45,しょんぼり,-1
46,しんみり,-1
47,せんない,-1
48,たおれる,-1
49,ためらう,-1
50,だま,-1
51,だます,-1
52,だれる,-1
53,ちがう,-1
54,つぶす,-1
55,つぶれる,-1
56,つまずく,-1
57,つらい,-1
58,とがめる,-1
59,なやむ,-1
60,ねじれる,-1
61,のぼせる,-1
62,はげる,-1
63,はずかしい,-1
64,ばつ,-1
65,ひきつる,-1
66,ひっかかる,-1
67,ひもじい,-1
68,びびる,-1
69,ふらつく,-1
70,ぶつかる,-1
71,ぶれる,-1
72,ぼける,-1
73,まごつく,-1
74,むかっと,-1
75,むかつく,-1
76,むせる,-1
77,むせ返る,-1
78,めくら,-1
79,もたつく,-1
80,もだえる,-1
81,もつれる,-1
82,もてあます,-1
83,やつれる,-1
84,やむない,-1
85,やむをえない,-1
86,ゆがむ,-1
87,ゆきづまる,-1
88,よごす,-1
89,よごれる,-1
90,わすれる,-1
91,ガックリ,-1
92,ストレス,-1
93,ツライ,-1
94,ビビる,-1
95,ポシャる,-1
96,阿鼻叫喚,-1
97,意気,-1
98,引っ掛かる,-1
99,引っ繰り返る,-1
100,厭う,-1
101,怨む,-1
102,汚さ,-1
103,汚す,-1
104,汚れる,-1
105,臆する,-1
106,苛,-1
107,苛苛,-1
108,苛立つ,-1
109,我慢,-1
110,餓える,-1
111,壊さ,-1
112,壊れる,-1
113,怪しむ,-1
114,悔しい,-1
115,悔やむ,-1
116,渇く,-1
117,堪えがたい,-1
118,堪える,-1
119,堪え難い,-1
120,干からびる,-1
121,患い,-1
122,患う,-1
123,憾む,-1
124,間違う,-1
125,陥る,-1
126,危ぶむ,-1
127,忌み,-1
128,忌み嫌う,-1
129,機嫌,-1
130,気,-1
131,気がかり,-1
132,気まずい,-1
133,気持ち,-1
134,飢える,-1
135,偽る,-1
136,疑う,-1
137,詰まる,-1
138,逆らえ,-1
139,虚しい,-1
140,許せ,-1
141,恐る,-1
142,恐れる,-1
143,狂う,-1
144,狂する,-1
145,胸,-1
146,胸くそ,-1
147,胸苦しい,-1
148,胸糞,-1
149,興醒める,-1
150,驚愕,-1
151,業,-1
152,苦しい,-1
153,苦しむ,-1
154,苦しめ,-1
155,苦汁,-1
156,苦慮,-1
157,欠く,-1
158,欠ける,-1
159,血の気,-1
160,嫌う,-1
161,嫌がる,-1
162,肩,-1
163,肩身,-1
164,見そこなう,-1
165,見失う,-1
166,見損なう,-1
167,見落とす,-1
168,遣り,-1
169,戸惑う,-1
170,枯れる,-1
171,後ろ,-1
172,後ろめたい,-1
173,後口,-1
174,後味,-1
175,誤る,-1
176,慌てる,-1
177,荒れる,-1
178,行,-1
179,行き過ぎる,-1
180,行き詰まる,-1
181,行き詰る,-1
182,行詰る,-1
183,降参,-1
184,降伏,-1
185,降服,-1
186,腰,-1
187,骨,-1
188,困る,-1
189,恨む,-1
190,根,-1
191,混む,-1
192,砕ける,-1
193,錆びる,-1
194,散らかる,-1
195,散る,-1
196,刺さる,-1
197,死さ,-1
198,死ぬ,-1
199,持て余す,-1
200,耳,-1
201,自信,-1
202,辞める,-1
203,失う,-1
204,失っ,-1
205,疾しい,-1
206,寂しい,-1
207,弱る,-1
208,取り逃がす,-1
209,手,-1
210,手間取る,-1
211,腫れる,-1
212,首,-1
213,臭う,-1
214,縮む,-1
215,出来,-1
216,傷つける,-1
217,傷む,-1
218,傷付ける,-1
219,嘗める,-1
220,小首,-1
221,小腹,-1
222,焦る,-1
223,障る,-1
224,乗り遅れる,-1
225,情ない,-1
226,色,-1
227,侵す,-1
228,心外,-1
229,心細い,-1
230,申し訳,-1
231,辛い,-1
232,辛め,-1
233,震える,-1
234,衰える,-1
235,逝く,-1
236,切ない,-1
237,折ら,-1
238,舌,-1
239,争う,-1
240,遭う,-1
241,憎い,-1
242,憎たらしい,-1
243,損,-1
244,損なう,-1
245,損ねる,-1
246,太る,-1
247,堕ちる,-1
248,妥協,-1
249,耐え,-1
250,耐えがたい,-1
251,怠る,-1
252,退かさ,-1
253,嘆く,-1
254,歎,-1
255,断た,-1
256,恥ずかしい,-1
257,遅れ,-1
258,遅れる,-1
259,懲りる,-1
260,懲り懲り,-1
261,頂け,-1
262,墜ちる,-1
263,痛い,-1
264,痛む,-1
265,痛める,-1
266,潰れる,-1
267,諦める,-1
268,溺れる,-1
269,転ぶ,-1
270,吐き出す,-1
271,妬む,-1
272,途方,-1
273,怒る,-1
274,倒れる,-1
275,凍える,-1
276,悼む,-1
277,盗ま,-1
278,盗む,-1
279,当たら,-1
280,当て,-1
281,頭,-1
282,曇る,-1
283,悩む,-1
284,馬鹿,-1
285,廃れる,-1
286,敗ける,-1
287,敗れる,-1
288,背く,-1
289,曝す,-1
290,抜か,-1
291,叛,-1
292,犯す,-1
293,悲しむ,-1
294,疲れ,-1
295,疲れる,-1
296,被る,-1
297,謬,-1
298,貧する,-1
299,不満,-1
300,怖,-1
301,怖じ,-1
302,怖気付く,-1
303,腐る,-1
304,負う,-1
305,負ける,-1
306,侮る,-1
307,腹立たしい,-1
308,腹立つ,-1
309,文句,-1
310,聞こえる,-1
311,閉まる,-1
312,別れる,-1
313,偏る,-1
314,呆れる,-1
315,崩さ,-1
316,崩す,-1
317,崩れる,-1
318,飽きる,-1
319,亡くす,-1
320,亡くする,-1
321,亡びる,-1
322,妨げる,-1
323,忘れる,-1
324,冒す,-1
325,膨れる,-1
326,謀る,-1
327,無くす,-1
328,迷う,-1
329,滅びる,-1
330,面目,-1
331,面目次第,-1
332,蒙る,-1
333,落ち込む,-1
334,落とさ,-1
335,落とし,-1
336,乱れる,-1
337,裂ける,-1
338,路頭,-1
339,漏らす,-1
340,漏れる,-1
341,老いる,-1
342,歪む,-1
343,詫びる,-1
344,咎める,-1
345,咬ま,-1
346,毀す,-1
347,毀れる,-1
348,憑,-1
349,罹る,-1
350,挾ま,-1
351,涸れる,-1
352,疵付ける,-1
353,縺れる,-1
354,茫然,-1
355,茫漠,-1
356,躊躇う,-1
357,躓く,-1
358,轢く,-1
359,騙す,-1
360,,-1
361,あく,-1
362,あくどい,-1
363,あざとい,-1
364,あばずれ,-1
365,あほらしい,-1
366,あやしい,-1
367,あやふや,-1
368,あらい,-1
369,あらっぽい,-1
370,あり,-1
371,ありふれる,-1
372,ある,-1
373,あわせ,-1
374,あんぽんたん,-1
375,いかがわしい,-1
376,いかつい,-1
377,いぎたない,-1
378,いけ好かない,-1
379,いけ図々しい,-1
380,いこじ,-1
381,いじいじ,-1
382,いじける,-1
383,いじましい,-1
384,いぶかしい,-1
385,いまいち,-1
386,いまいましい,-1
387,いまひとつ,-1
388,いまわしい,-1
389,いま一つ,-1
390,いやがる,-1
391,いやしい,-1
392,いやらしい,-1
393,いろあせる,-1
394,いわく,-1
395,いんちき,-1
396,うじうじ,-1
397,うす汚い,-1
398,うとい,-1
399,うらめしい,-1
400,うら寂しい,-1
401,うら悲しい,-1
402,えげつない,-1
403,おこがましい,-1
404,おしい,-1
405,おせっかい,-1
406,おそい,-1
407,おそまつ,-1
408,おぞましい,-1
409,おためごかし,-1
410,おたんこなす,-1
411,おっかない,-1
412,おっくう,-1
413,おっさん,-1
414,おっちょこちょい,-1
415,おばさん,-1
416,おびやかす,-1
417,おもはゆい,-1
418,おんぼろ,-1
419,お節介,-1
420,お粗末,-1
421,かっこ,-1
422,かったるい,-1
423,かみ合う,-1
424,かん高い,-1
425,がさつ,-1
426,がっかり,-1
427,がつがつ,-1
428,がめつい,-1
429,ききにくい,-1
430,きちきち,-1
431,きつい,-1
432,きびしい,-1
433,きゅうきゅう,-1
434,ぎくしゃく,-1
435,ぎこちない,-1
436,ぎごち,-1
437,ぎすぎす,-1
438,ぎちぎち,-1
439,ぎゅうぎゅう,-1
440,ぎょうぎょうしい,-1
441,ぎょっと,-1
442,くしゃくしゃ,-1
443,くそ,-1
444,くだらない,-1
445,くどい,-1
446,ぐしゃぐしゃ,-1
447,ぐしょぐしょ,-1
448,ぐじゃぐじゃ,-1
449,ぐずぐず,-1
450,ぐずる,-1
451,ぐにゃぐにゃ,-1
452,ぐらぐら,-1
453,ぐらつく,-1
454,けがらわしい,-1
455,けしからん,-1
456,けちけち,-1
457,けちん坊,-1
458,けばけば,-1
459,けばけばしい,-1
460,けわしい,-1
461,けんのん,-1
462,げっそり,-1
463,こしゃく,-1
464,こすい,-1
465,こせこせ,-1
466,こっぴどい,-1
467,こっ酷い,-1
468,こてんこてん,-1
469,ごしゃごしゃ,-1
470,ごちゃごちゃ,-1
471,ごっちゃ,-1
472,ごてごて,-1
473,ごみごみ,-1
474,ご法度,-1
475,さもしい,-1
476,しかた,-1
477,しかつめらしい,-1
478,しつこい,-1
479,しどろ,-1
480,しどろもどろ,-1
481,しみったれる,-1
482,しょうが,-1
483,しょぼい,-1
484,しょぼしょぼ,-1
485,しらじらしい,-1
486,しわくちゃ,-1
487,しわしわ,-1
488,しんどい,-1
489,しんねり,-1
490,じじむさい,-1
491,じゃじゃ馬,-1
492,じゃま,-1
493,じれったい,-1
494,すかたん,-1
495,すげない,-1
496,すじ,-1
497,すたれる,-1
498,ずうずうしい,-1
499,ずるい,-1
500,ずれる,-1
501,ずんべらぼう,-1
502,せこい,-1
503,せせこましい,-1
504,せっかち,-1
505,せわしい,-1
506,せわしない,-1
507,そぐわない,-1
508,そそっかしい,-1
509,そっけ,-1
510,そらぞらしい,-1
511,ぞっと,-1
512,ぞんざい,-1
513,たけだけしい,-1
514,たじたじ,-1
515,たどたどしい,-1
516,たより,-1
517,だぶつく,-1
518,だらし,-1
519,だるい,-1
520,ちぐはぐ,-1
521,ちっぽけ,-1
522,ちび,-1
523,ちまちま,-1
524,ちゃち,-1
525,ちゃらっぽこ,-1
526,ちんちくりん,-1
527,ちんまり,-1
528,つかむ,-1
529,つたない,-1
530,つまらない,-1
531,つまる,-1
532,つれない,-1
533,つんつるてん,-1
534,できる,-1
535,でくの坊,-1
536,でしゃばる,-1
537,とげ,-1
538,とげとげしい,-1
539,とっつく,-1
540,とぼける,-1
541,とりとめる,-1
542,とろい,-1
543,とんがる,-1
544,とんちんかん,-1
545,とんでも,-1
546,とんま,-1
547,ど,-1
548,どぎつい,-1
549,どけ,-1
550,どじ,-1
551,どす黒い,-1
552,どっち,-1
553,どん,-1
554,なおざり,-1
555,なごりおしい,-1
556,なじむ,-1
557,なまぬるい,-1
558,なよなよ,-1
559,なれなれしい,-1
560,にちゃにちゃ,-1
561,にぶい,-1
562,にべ,-1
563,ねたましい,-1
564,ねちねち,-1
565,のらりくらり,-1
566,のろい,-1
567,のろくさい,-1
568,のろのろ,-1
569,のろま,-1
570,はかばかしい,-1
571,はしたない,-1
572,はずれ,-1
573,はで,-1
574,ばか,-1
575,ばかくさい,-1
576,ばっちい,-1
577,ばらつき,-1
578,ひやひや,-1
579,ひょろひょろ,-1
580,ひ弱い,-1
581,びしょびしょ,-1
582,ふがいない,-1
583,ふつつか,-1
584,ふてぶてしい,-1
585,ふにゃふにゃ,-1
586,ふらふら,-1
587,ふんぞり返る,-1
588,ぶよぶよ,-1
589,へいこら,-1
590,へそ曲がり,-1
591,へたくそ,-1
592,へとへと,-1
593,へなへな,-1
594,べとつく,-1
595,べとべと,-1
596,ぺしゃんこ,-1
597,ぺてん師,-1
598,ほど遠い,-1
599,ぼさっと,-1
600,ぼやける,-1
601,ぼやぼや,-1
602,ぼろい,-1
603,ぼろぼろ,-1
604,ぼんくら,-1
605,ぼんやり,-1
606,まがい物,-1
607,まがまがしい,-1
608,まごまご,-1
609,まだるっこい,-1
610,ままならない,-1
611,みすぼらしい,-1
612,みっともない,-1
613,みにくい,-1
614,みみっちい,-1
615,むかむか,-1
616,むごい,-1
617,むごたらしい,-1
618,むさい,-1
619,むさくるしい,-1
620,むっと,-1
621,むなぐるしい,-1
622,むなしい,-1
623,めそめそ,-1
624,めちゃくちゃ,-1
625,めちゃめちゃ,-1
626,めんどう,-1
627,めんどうくさい,-1
628,めんどくさい,-1
629,もう,-1
630,もたつき,-1
631,もっさり,-1
632,もったいない,-1
633,もってのほか,-1
634,もどかしい,-1
635,ものうい,-1
636,ものすさまじい,-1
637,ものたりない,-1
638,もの狂おしい,-1
639,もの凄まじい,-1
640,もの悲しい,-1
641,やかましい,-1
642,やきもき,-1
643,やっかい,-1
644,やにっこい,-1
645,やばい,-1
646,やぶさか,-1
647,やぼ,-1
648,やぼったい,-1
649,やましい,-1
650,ややこしい,-1
651,やりきれない,-1
652,やり切れない,-1
653,やるせない,-1
654,やわ,-1
655,やわい,-1
656,ゆゆしい,-1
657,ゆるい,-1
658,よけい,-1
659,よそよそしい,-1
660,よれよれ,-1
661,よれる,-1
662,よわい,-1
663,よんどころない,-1
664,らち,-1
665,ろくでなし,-1
666,わいせつ,-1
667,わかる,-1
668,わざとらしい,-1
669,わずらわしい,-1
670,わびしい,-1
671,わや,-1
672,わやく,-1
673,アウト,-1
674,アホ,-1
675,アン,-1
676,イカ,-1
677,イマイチ,-1
678,イレギュラ,-1
679,イレギュラー,-1
680,インチキ,-1
681,インパクト,-1
682,エキセントリック,-1
683,エゴイスト,-1
684,エッチ,-1
685,オーソドックス,-1
686,オマケ,-1
687,オモチャ,-1
688,オヤジ,-1
689,オリジナリティ,-1
690,カッコ,-1
691,ガキ,-1
692,ガタ落ち,-1
693,ガチガチ,-1
694,キズ,-1
695,キツイ,-1
696,キリ,-1
697,ギクシャク,-1
698,ギュウギュウ,-1
699,クセ,-1
700,グルーミー,-1
701,グロ,-1
702,グロッキー,-1
703,グロテスク,-1
704,コワい,-1
705,ショッキング,-1
706,ショック,-1
707,ショボ,-1
708,シリアス,-1
709,ジャジャ馬,-1
710,ズレる,-1
711,センス,-1
712,ダーティ,-1
713,ダーティー,-1
714,ダサい,-1
715,チグハグ,-1
716,チャチ,-1
717,チャラチャラ,-1
718,ディプレッション,-1
719,デカ,-1
720,デプレッション,-1
721,ノイジー,-1
722,ノンセンス,-1
723,バタくさい,-1
724,バタ臭い,-1
725,バラツキ,-1
726,パワー,-1
727,ヒステリック,-1
728,ヒヤヒヤ,-1
729,ヘン,-1
730,ミーハー,-1
731,ミス,-1
732,メチャメチャ,-1
733,メランコリック,-1
734,メリハリ,-1
735,ヤワ,-1
736,ヨレヨレ,-1
737,ワーストワン,-1
738,ワンマン,-1
739,唖然,-1
740,阿呆,-1
741,哀しい,-1
742,哀しむ,-1
743,哀れ,-1
744,愛想,-1
745,悪,-1
746,悪い,-1
747,悪賢い,-1
748,悪達者,-1
749,悪辣,-1
750,扱い,-1
751,安っぽい,-1
752,安普請,-1
753,安物,-1
754,暗い,-1
755,暗む,-1
756,暗愚,-1
757,暗鬱,-1
758,暗澹,-1
759,意気地無し,-1
760,意固地,-1
761,意志,-1
762,意地,-1
763,意地っぱり,-1
764,意地っ張り,-1
765,意地汚い,-1
766,意地張り,-1
767,違和感,-1
768,一巻,-1
769,一苦労,-1
770,一文惜しみ,-1
771,引っ込み,-1
772,引っ込み思案,-1
773,淫蕩,-1
774,淫猥,-1
775,淫靡,-1
776,陰うつ,-1
777,陰気臭い,-1
778,陰険,-1
779,陰惨,-1
780,陰湿,-1
781,陰鬱,-1
782,烏滸がましい,-1
783,迂遠,-1
784,迂愚,-1
785,迂闊,-1
786,雲泥の差,-1
787,影,-1
788,厭,-1
789,厭わしい,-1
790,怨めしい,-1
791,縁,-1
792,汚い,-1
793,汚らしい,-1
794,汚らわしい,-1
795,汚れ,-1
796,汚穢,-1
797,奥行き,-1
798,押し,-1
799,押し付けがましい,-1
800,横柄,-1
801,横様,-1
802,臆病者,-1
803,下らない,-1
804,下賎,-1
805,下等,-1
806,下劣,-1
807,可哀相,-1
808,禍々しい,-1
809,禍禍しい,-1
810,苛酷,-1
811,苛烈,-1
812,過ち,-1
813,過酷,-1
814,我が物顔,-1
815,画一,-1
816,怪しい,-1
817,怪しげ,-1
818,怪異,-1
819,怪奇,-1
820,格好,-1
821,角,-1
822,角張り,-1
823,隔靴掻痒,-1
824,隔心,-1
825,楽しみ,-1
826,割に,-1
827,恰好,-1
828,寒々,-1
829,寒ざむ,-1
830,寒寒,-1
831,勘弁,-1
832,感情,-1
833,甘,-1
834,甘ったれる,-1
835,緩い,-1
836,間,-1
837,間延び,-1
838,閑散,-1
839,頑愚,-1
840,頑冥,-1
841,頑迷,-1
842,顔負け,-1
843,危うい,-1
844,危ない,-1
845,危なっかしい,-1
846,奇々怪々,-1
847,奇っ怪,-1
848,奇奇怪怪,-1
849,奇態,-1
850,希薄,-1
851,忌まわしい,-1
852,忌わしい,-1
853,機械,-1
854,気ぜわしい,-1
855,気むずかしい,-1
856,気弱,-1
857,気取っ,-1
858,気色,-1
859,気早,-1
860,気短,-1
861,気難しい,-1
862,気付き,-1
863,気分,-1
864,気忙しい,-1
865,気味が悪い,-1
866,稀薄,-1
867,儀式張っ,-1
868,戯け,-1
869,疑い深い,-1
870,疑わしい,-1
871,疑問,-1
872,詰屈,-1
873,逆賊,-1
874,泣き所,-1
875,泣き虫,-1
876,居丈高,-1
877,虚仮,-1
878,許し,-1
879,凶漢,-1
880,凶暴,-1
881,凶猛,-1
882,強情,-1
883,強情っぱり,-1
884,強欲,-1
885,怯懦,-1
886,恐るべき,-1
887,恐れ,-1
888,恐れ多い,-1
889,狂わしい,-1
890,狂人,-1
891,狂暴,-1
892,狂乱,-1
893,狭苦しい,-1
894,狭量,-1
895,狭隘,-1
896,脅かす,-1
897,興味,-1
898,驚き,-1
899,仰々しい,-1
900,仰仰しい,-1
901,極貧,-1
902,僅少,-1
903,近目,-1
904,銀流し,-1
905,苦,-1
906,苦々しい,-1
907,苦し紛れ,-1
908,苦肉の策,-1
909,愚か,-1
910,愚かしい,-1
911,愚人,-1
912,愚図,-1
913,愚直,-1
914,愚鈍,-1
915,愚物,-1
916,愚昧,-1
917,愚劣,-1
918,空々しい,-1
919,空しい,-1
920,空回り,-1
921,空恐ろしい,-1
922,空空しい,-1
923,空疎,-1
924,空中,-1
925,屈伏,-1
926,屈服,-1
927,型,-1
928,形無し,-1
929,軽々しい,-1
930,軽はずみ,-1
931,軽視,-1
932,軽蔑,-1
933,軽躁,-1
934,激越,-1
935,隙,-1
936,欠陥,-1
937,喧しい,-1
938,喧嘩腰,-1
939,堅苦しい,-1
940,堅物,-1
941,嫌,-1
942,嫌み,-1
943,嫌味,-1
944,見えっ張り,-1
945,見ぐるしい,-1
946,見づらい,-1
947,見にくい,-1
948,見下す,-1
949,見苦しい,-1
950,険しい,-1
951,険悪,-1
952,険難,-1
953,厳つい,-1
954,厳酷,-1
955,幻怪,-1
956,言語道断,-1
957,個性,-1
958,古めかしい,-1
959,古臭い,-1
960,固陋,-1
961,姑息,-1
962,胡散臭い,-1
963,誇大,-1
964,後の祭り,-1
965,御,-1
966,御機嫌,-1
967,御大層,-1
968,効き,-1
969,厚かましい,-1
970,厚ぼったい,-1
971,厚顔,-1
972,口,-1
973,口惜しい,-1
974,口先,-1
975,向う見ず,-1
976,好い加減,-1
977,好きもの,-1
978,好き嫌い,-1
979,巧言令色,-1
980,慌しい,-1
981,慌ただしい,-1
982,甲斐性,-1
983,荒々しい,-1
984,荒くれ,-1
985,荒っぽい,-1
986,荒らか,-1
987,荒荒しい,-1
988,荒削り,-1
989,荒誕,-1
990,荒唐,-1
991,高慢,-1
992,高慢ちき,-1
993,剛愎,-1
994,合わせ,-1
995,酷,-1
996,酷い,-1
997,酷しい,-1
998,酷薄,-1
999,酷烈,-1
1000,腰砕け,-1
1001,腰弱,-1
1002,腰抜け,-1
1003,今ひとつ,-1
1004,今一つ,-1
1005,恨めしい,-1
1006,根性,-1
1007,根無し,-1
1008,差,-1
1009,差し支える,-1
1010,差し出がましい,-1
1011,差支える,-1
1012,差別,-1
1013,細細,-1
1014,在り来り,-1
1015,罪ぶかい,-1
1016,罪作り,-1
1017,罪深い,-1
1018,策士,-1
1019,擦れっ枯らし,-1
1020,殺人,-1
1021,殺伐,-1
1022,殺伐と,-1
1023,雑,-1
1024,雑然,-1
1025,惨い,-1
1026,惨たらしい,-1
1027,惨烈,-1
1028,惨憺,-1
1029,散々,-1
1030,散散,-1
1031,酸鼻,-1
1032,残り惜しい,-1
1033,残り多い,-1
1034,残刻,-1
1035,残忍,-1
1036,仕方,-1
1037,使い,-1
1038,刺々しい,-1
1039,刺刺しい,-1
1040,子供,-1
1041,子供だまし,-1
1042,子供騙し,-1
1043,思いきり,-1
1044,思い切り,-1
1045,思わしくない,-1
1046,支障,-1
1047,脂,-1
1048,脂っこい,-1
1049,歯痒い,-1
1050,耳年増,-1
1051,自縄自縛,-1
1052,七転八倒,-1
1053,七面倒臭い,-1
1054,執念深い,-1
1055,質感,-1
1056,邪険,-1
1057,邪魔,-1
1058,邪魔くさい,-1
1059,邪慳,-1
1060,寂しげ,-1
1061,寂れる,-1
1062,寂寞,-1
1063,弱々しい,-1
1064,弱り目,-1
1065,弱虫,-1
1066,守銭奴,-1
1067,手ぬるい,-1
1068,手ひどい,-1
1069,手緩い,-1
1070,手狭,-1
1071,手厳しい,-1
1072,手荒,-1
1073,手荒い,-1
1074,手酷い,-1
1075,手重い,-1
1076,手痛い,-1
1077,手薄,-1
1078,受け入れ,-1
1079,受け付け,-1
1080,呪わしい,-1
1081,臭い,-1
1082,醜い,-1
1083,重々しい,-1
1084,重苦しい,-1
1085,重重しい,-1
1086,術無い,-1
1087,峻険,-1
1088,峻厳,-1
1089,峻嶮,-1
1090,暑がり,-1
1091,暑苦しい,-1
1092,女たらし,-1
1093,女女しい,-1
1094,小,-1
1095,小汚い,-1
1096,小気味,-1
1097,小賢しい,-1
1098,小心翼翼,-1
1099,小憎らしい,-1
1100,小便,-1
1101,小面憎い,-1
1102,小利口,-1
1103,小癪,-1
1104,焦れったい,-1
1105,省き,-1
1106,笑止千万,-1
1107,上っ面,-1
1108,上滑り,-1
1109,上辷り,-1
1110,冗談,-1
1111,冗長,-1
1112,冗漫,-1
1113,情け,-1
1114,情けない,-1
1115,情強,-1
1116,色あせる,-1
1117,色気,-1
1118,尻,-1
1119,尻ごみ,-1
1120,尻軽,-1
1121,尻込み,-1
1122,伸び,-1
1123,信じ,-1
1124,寝覚め,-1
1125,寝苦しい,-1
1126,心,-1
1127,心許ない,-1
1128,心許無い,-1
1129,心苦しい,-1
1130,心無い,-1
1131,心憂い,-1
1132,新鮮味,-1
1133,深み,-1
1134,身の程知らず,-1
1135,辛気,-1
1136,辛気臭い,-1
1137,人,-1
1138,人気,-1
1139,人泣かせ,-1
1140,人聞き,-1
1141,人目,-1
1142,人恋しい,-1
1143,図々しい,-1
1144,水の泡,-1
1145,水臭い,-1
1146,嵩張る,-1
1147,寸づまり,-1
1148,寸足らず,-1
1149,世間,-1
1150,世知辛い,-1
1151,凄惨,-1
1152,凄絶,-1
1153,性悪,-1
1154,生ぬるい,-1
1155,生硬,-1
1156,生煮え,-1
1157,青臭い,-1
1158,青二才,-1
1159,脆い,-1
1160,惜しい,-1
1161,惜しくも,-1
1162,拙い,-1
1163,拙劣,-1
1164,節度,-1
1165,絶体絶命,-1
1166,絶望,-1
1167,舌先三寸,-1
1168,戦闘,-1
1169,浅はか,-1
1170,浅ましい,-1
1171,浅薄,-1
1172,浅慮,-1
1173,詮無い,-1
1174,賎しい,-1
1175,疎い,-1
1176,疎か,-1
1177,疎ましい,-1
1178,疎略,-1
1179,粗削り,-1
1180,粗雑,-1
1181,粗大,-1
1182,粗暴,-1
1183,粗末,-1
1184,粗野,-1
1185,粗笨,-1
1186,素,-1
1187,素っ気,-1
1188,素っ頓狂,-1
1189,素頓狂,-1
1190,鼠輩,-1
1191,早計,-1
1192,騒々しい,-1
1193,騒がしい,-1
1194,騒然たる,-1
1195,騒騒しい,-1
1196,増悪,-1
1197,憎々しい,-1
1198,憎体,-1
1199,息苦しい,-1
1200,俗っぽい,-1
1201,俗悪,-1
1202,俗物,-1
1203,俗離れ,-1
1204,卒爾,-1
1205,遜色,-1
1206,多情,-1
1207,惰弱,-1
1208,駄目,-1
1209,耐え難い,-1
1210,態とらしい,-1
1211,態度,-1
1212,大,-1
1213,大仰,-1
1214,大愚,-1
1215,大形,-1
1216,大嫌い,-1
1217,濁る,-1
1218,嘆かわしい,-1
1219,短慮,-1
1220,男尊女卑,-1
1221,値,-1
1222,恥知らず,-1
1223,恥曝し,-1
1224,痴れ者,-1
1225,稚気,-1
1226,致し方,-1
1227,致命,-1
1228,遅々たる,-1
1229,遅い,-1
1230,遅緩,-1
1231,遅鈍,-1
1232,茶番,-1
1233,虫,-1
1234,虫酸,-1
1235,張りつめる,-1
1236,張り出し,-1
1237,挑発,-1
1238,調子はずれ,-1
1239,長たらしい,-1
1240,沈痛,-1
1241,沈鬱,-1
1242,陳腐,-1
1243,痛々しい,-1
1244,痛ましい,-1
1245,低級,-1
1246,低質,-1
1247,低俗,-1
1248,低能,-1
1249,低劣,-1
1250,底,-1
1251,底意地,-1
1252,程遠い,-1
1253,締まり,-1
1254,締まり屋,-1
1255,締り,-1
1256,諦め,-1
1257,泥くさい,-1
1258,泥臭い,-1
1259,鉄面皮,-1
1260,天保銭,-1
1261,田舎,-1
1262,徒,-1
1263,徒爾,-1
1264,杜撰,-1
1265,都合,-1
1266,度,-1
1267,度し難い,-1
1268,土,-1
1269,土臭い,-1
1270,怒り,-1
1271,盗人,-1
1272,逃げ腰,-1
1273,毒々しい,-1
1274,独断,-1
1275,突拍子,-1
1276,突慳貪,-1
1277,鈍,-1
1278,鈍根,-1
1279,鈍重,-1
1280,鈍物,-1
1281,内弁慶,-1
1282,馴れ馴れしい,-1
1283,難,-1
1284,難物,-1
1285,日陰者,-1
1286,乳臭,-1
1287,乳臭い,-1
1288,入り,-1
1289,如何わしい,-1
1290,熱鬧,-1
1291,年寄り,-1
1292,粘っこい,-1
1293,悩ましい,-1
1294,能,-1
1295,能無し,-1
1296,波,-1
1297,派手,-1
1298,破壊,-1
1299,破戒無慙,-1
1300,破滅,-1
1301,破廉恥,-1
1302,馬耳東風,-1
1303,馬鹿らしい,-1
1304,馬鹿臭い,-1
1305,馬鹿馬鹿しい,-1
1306,買い得,-1
1307,売国奴,-1
1308,白々しい,-1
1309,白眼,-1
1310,薄ぎたない,-1
1311,薄ぐらい,-1
1312,薄っぺら,-1
1313,薄暗い,-1
1314,薄汚い,-1
1315,薄気味悪い,-1
1316,薄馬鹿,-1
1317,迫力,-1
1318,漠漠,-1
1319,莫迦,-1
1320,八方美人,-1
1321,髪の毛,-1
1322,罰金,-1
1323,抜差し,-1
1324,半可通,-1
1325,半間,-1
1326,半人前,-1
1327,反対,-1
1328,繁雑,-1
1329,煩わしい,-1
1330,卑しい,-1
1331,卑しんぼう,-1
1332,卑しん坊,-1
1333,卑わい,-1
1334,卑賎,-1
1335,卑俗,-1
1336,卑劣,-1
1337,卑猥,-1
1338,卑陋,-1
1339,否定,-1
1340,悲しい,-1
1341,悲酸,-1
1342,悲壮,-1
1343,悲愴,-1
1344,皮相,-1
1345,非,-1
1346,非の打ち所,-1
1347,尾篭,-1
1348,鼻,-1
1349,鼻っぱし,-1
1350,鼻っ柱,-1
1351,鼻持ち,-1
1352,鼻息,-1
1353,表六玉,-1
1354,品,-1
1355,貧しい,-1
1356,貧寒,-1
1357,貧賎,-1
1358,貧相,-1
1359,貧乏,-1
1360,貧乏人,-1
1361,不,-1
1362,不ぞろい,-1
1363,不まじめ,-1
1364,不穏,-1
1365,不穏当,-1
1366,不可解,-1
1367,不可思議,-1
1368,不格好,-1
1369,不恰好,-1
1370,不謹慎,-1
1371,不見識,-1
1372,不甲斐ない,-1
1373,不行き届き,-1
1374,不行届,-1
1375,不行届き,-1
1376,不作法,-1
1377,不充分,-1
1378,不承知,-1
1379,不粋,-1
1380,不正直,-1
1381,不精,-1
1382,不誠実,-1
1383,不鮮明,-1
1384,不相応,-1
1385,不束,-1
1386,不体裁,-1
1387,不退転,-1
1388,不釣合,-1
1389,不定,-1
1390,不適,-1
1391,不適切,-1
1392,不適当,-1
1393,不徹底,-1
1394,不透明,-1
1395,不同,-1
1396,不得要領,-1
1397,不評,-1
1398,不敏,-1
1399,不本意,-1
1400,不味い,-1
1401,不明瞭,-1
1402,不明朗,-1
1403,不面目,-1
1404,不慮,-1
1405,不躾,-1
1406,付け,-1
1407,付け焼き刃,-1
1408,敷居,-1
1409,浮き腰,-1
1410,浮き足立つ,-1
1411,浮薄,-1
1412,風向き,-1
1413,風来坊,-1
1414,腹,-1
1415,腹だつ,-1
1416,腹黒い,-1
1417,複雑,-1
1418,物々しい,-1
1419,物わかり,-1
1420,物恐ろしい,-1
1421,物見高い,-1
1422,物寂しい,-1
1423,物臭,-1
1424,物凄まじい,-1
1425,物足りない,-1
1426,物体,-1
1427,物悲しい,-1
1428,物物しい,-1
1429,物憂い,-1
1430,分,-1
1431,分から,-1
1432,分かり,-1
1433,分別臭い,-1
1434,紛い物,-1
1435,紛然,-1
1436,紛紛,-1
1437,文無し,-1
1438,聞きづらい,-1
1439,聞きにくい,-1
1440,聞き苦しい,-1
1441,聞き辛い,-1
1442,聞き分け,-1
1443,聞く,-1
1444,聞苦しい,-1
1445,兵六玉,-1
1446,米食い虫,-1
1447,癖,-1
1448,蔑む,-1
1449,蔑ろ,-1
1450,偏狭,-1
1451,偏屈,-1
1452,偏窟,-1
1453,変則,-1
1454,片意地,-1
1455,片寄る,-1
1456,片腹痛い,-1
1457,辺ぴ,-1
1458,辺鄙,-1
1459,放佚,-1
1460,法外,-1
1461,飽き,-1
1462,飽く,-1
1463,乏しい,-1
1464,忙しい,-1
1465,暴悪,-1
1466,暴慢,-1
1467,暴戻,-1
1468,暴力,-1
1469,謀叛,-1
1470,朴念仁,-1
1471,凡愚,-1
1472,凡骨,-1
1473,埋もれる,-1
1474,末恐ろしい,-1
1475,慢性,-1
1476,漫ろ,-1
1477,味,-1
1478,味気,-1
1479,味噌っ滓,-1
1480,未練がましい,-1
1481,魅力,-1
1482,妙ちきりん,-1
1483,無,-1
1484,無愛敬,-1
1485,無愛嬌,-1
1486,無闇矢鱈,-1
1487,無意義,-1
1488,無為,-1
1489,無縁,-1
1490,無音,-1
1491,無機,-1
1492,無気味,-1
1493,無骨,-1
1494,無作法,-1
1495,無粋,-1
1496,無恥,-1
1497,無鉄砲,-1
1498,無頓着,-1
1499,無礼,-1
1500,冥々,-1
1501,名ばかり,-1
1502,名残惜しい,-1
1503,命知らず,-1
1504,滅相,-1
1505,滅多矢鱈,-1
1506,滅茶,-1
1507,滅茶苦茶,-1
1508,滅茶滅茶,-1
1509,面はゆい,-1
1510,面映ゆい,-1
1511,面憎い,-1
1512,面倒い,-1
1513,面倒臭い,-1
1514,面白み,-1
1515,模糊,-1
1516,妄り,-1
1517,毛羽立つ,-1
1518,盲信,-1
1519,木偶,-1
1520,木偶の坊,-1
1521,目,-1
1522,目茶,-1
1523,勿体ない,-1
1524,問題児,-1
1525,悶悶,-1
1526,爺むさい,-1
1527,野卑,-1
1528,野暮,-1
1529,野暮ったい,-1
1530,野暮天,-1
1531,野鄙,-1
1532,油っこい,-1
1533,油断大敵,-1
1534,憂い,-1
1535,憂うつ,-1
1536,有り勝ち,-1
1537,有り得る,-1
1538,有頂天,-1
1539,有難迷惑,-1
1540,由々しい,-1
1541,由無い,-1
1542,由由しい,-1
1543,遊び,-1
1544,余儀ない,-1
1545,余計,-1
1546,余裕,-1
1547,与太,-1
1548,妖しい,-1
1549,揺らぐ,-1
1550,要注意,-1
1551,欲,-1
1552,欲深,-1
1553,欲張り,-1
1554,頼み少ない,-1
1555,頼め,-1
1556,頼り,-1
1557,落ちぶれる,-1
1558,落ち着か,-1
1559,落ち着き,-1
1560,乱脈,-1
1561,裏目,-1
1562,率爾,-1
1563,立遅れる,-1
1564,竜頭蛇尾,-1
1565,涼しい,-1
1566,良い,-1
1567,力無げ,-1
1568,淋しい,-1
1569,累卵,-1
1570,冷やか,-1
1571,冷ややか,-1
1572,冷や冷や,-1
1573,冷酷,-1
1574,冷然,-1
1575,冷淡,-1
1576,劣,-1
1577,劣る,-1
1578,憐れ,-1
1579,蓮っ葉,-1
1580,労しい,-1
1581,老醜,-1
1582,論外,-1
1583,佶屈,-1
1584,侘しい,-1
1585,傲岸,-1
1586,凛冽,-1
1587,吝ん坊,-1
1588,奢る,-1
1589,奸悪,-1
1590,奸賊,-1
1591,寥寥,-1
1592,尠少,-1
1593,嶮難,-1
1594,怱忙,-1
1595,恬然,-1
1596,悄然,-1
1597,慄然,-1
1598,憮然,-1
1599,懦弱,-1
1600,懶い,-1
1601,朧,-1
1602,鬱陶しい,-1
1603,渾沌,-1
1604,熾烈,-1
1605,狡い,-1
1606,狡辛い,-1
1607,狡猾,-1
1608,狡獪,-1
1609,狷介,-1
1610,猥雑,-1
1611,猥褻,-1
1612,獰猛,-1
1613,瑣細,-1
1614,瑣末,-1
1615,疚しい,-1
1616,癇,-1
1617,穢い,-1
1618,穢らしい,-1
1619,穢らわしい,-1
1620,羞悪,-1
1621,羸弱,-1
1622,翳り,-1
1623,耄碌,-1
1624,聊爾,-1
1625,腑,-1
1626,腑抜け,-1
1627,茫洋,-1
1628,褊狭,-1
1629,訝しい,-1
1630,諤々,-1
1631,諤諤,-1
1632,贅沢,-1
1633,躁急,-1
1634,遽しい,-1
1635,鄙劣,-1
1636,鄙猥,-1
1637,鄙陋,-1
1638,陋劣,-1
1639,驕傲,-1
1640,驕奢,-1
1641,,1
1642,あこがれる,1
1643,あじわう,1
1644,かなう,1
1645,こだわり,1
1646,したう,1
1647,すがすがしい,1
1648,すすめる,1
1649,そろう,1
1650,できあがる,1
1651,なおる,1
1652,ぬぐえる,1
1653,はかどる,1
1654,はがせる,1
1655,はずせる,1
1656,はたせる,1
1657,ほっと,1
1658,ほめる,1
1659,ほれる,1
1660,ほれ込む,1
1661,まぬがれる,1
1662,みたす,1
1663,もてなし,1
1664,やせる,1
1665,よろこぶ,1
1666,ストレス,1
1667,愛さ,1
1668,扱える,1
1669,慰め,1
1670,移せる,1
1671,育つ,1
1672,育て,1
1673,飲み干せる,1
1674,飲み込める,1
1675,温まる,1
1676,改める,1
1677,開け,1
1678,外せる,1
1679,楽しい,1
1680,楽しむ,1
1681,恰好,1
1682,活かす,1
1683,叶う,1
1684,寛ぐ,1
1685,感無量,1
1686,慣れる,1
1687,貫ける,1
1688,間に合う,1
1689,頑張る,1
1690,頑張れる,1
1691,喜ぶ,1
1692,気にいる,1
1693,気に入る,1
1694,気持,1
1695,気持ち,1
1696,気持ちいい,1
1697,気持ち良い,1
1698,貴ぶ,1
1699,救う,1
1700,教え,1
1701,胸,1
1702,極める,1
1703,薫る,1
1704,契約,1
1705,敬う,1
1706,研ける,1
1707,研げる,1
1708,肩身,1
1709,好く,1
1710,好む,1
1711,耕せる,1
1712,惚れこむ,1
1713,惚れる,1
1714,惚れ惚れ,1
1715,惚れ込む,1
1716,産ま,1
1717,産める,1
1718,支払える,1
1719,似合う,1
1720,治る,1
1721,自信,1
1722,実る,1
1723,惹か,1
1724,取り除ける,1
1725,受け付け,1
1726,授かる,1
1727,授け,1
1728,収まる,1
1729,修める,1
1730,祝っ,1
1731,出来,1
1732,出来る,1
1733,出来上がる,1
1734,潤う,1
1735,助かる,1
1736,勝つ,1
1737,勝てる,1
1738,譲っ,1
1739,伸びる,1
1740,信じる,1
1741,心酔,1
1742,親しむ,1
1743,吹ける,1
1744,遂げる,1
1745,澄む,1
1746,整う,1
1747,晴れる,1
1748,盛り上げる,1
1749,掻き立てる,1
1750,送っ,1
1751,贈る,1
1752,足りる,1
1753,足る,1
1754,揃う,1
1755,待ち遠しい,1
1756,待遠しい,1
1757,鍛え,1
1758,断ち切る,1
1759,断切る,1
1760,暖める,1
1761,蓄える,1
1762,貯える,1
1763,貯める,1
1764,調う,1
1765,調べる,1
1766,跳べる,1
1767,捗る,1
1768,直し,1
1769,直る,1
1770,適う,1
1771,動か,1
1772,動ける,1
1773,導ける,1
1774,憧れる,1
1775,匂う,1
1776,入れ,1
1777,買い戻せる,1
1778,薄らぐ,1
1779,付き合う,1
1780,富む,1
1781,撫で,1
1782,編める,1
1783,保つ,1
1784,縫える,1
1785,望める,1
1786,満腹,1
1787,味わう,1
1788,免れる,1
1789,儲,1
1790,儲かる,1
1791,優る,1
1792,落ち着く,1
1793,落ち着ける,1
1794,履ける,1
1795,理解,1
1796,離せる,1
1797,労っ,1
1798,賄える,1
1799,恍惚,1
1800,憬れる,1
1801,挾め,1
1802,揉ん,1
1803,ＧＯＯＤ,1
1804,Ｇｏｏｄ,1
1805,ＶＩＰ,1
1806,ｇｏｏｄ,1
1807,あう,1
1808,あか抜ける,1
1809,あでやか,1
1810,あわせ,1
1811,いい,1
1812,いかす,1
1813,いじらしい,1
1814,いたいけ,1
1815,いとおしい,1
1816,うきうき,1
1817,うっとり,1
1818,うなづける,1
1819,うまい,1
1820,えり抜き,1
1821,おいしい,1
1822,おおらか,1
1823,おしゃま,1
1824,おすすめ,1
1825,おとなしやか,1
1826,おなじみ,1
1827,お気にいり,1
1828,お気に入り,1
1829,お買い得,1
1830,かいがいしい,1
1831,かしこい,1
1832,かっちり,1
1833,かっ達,1
1834,かわいらしい,1
1835,きっちり,1
1836,きびきび,1
1837,きめ細か,1
1838,きめ細かい,1
1839,きらめく,1
1840,きりりと,1
1841,くつろげる,1
1842,けざやか,1
1843,こころよい,1
1844,こなす,1
1845,こなせる,1
1846,こなれる,1
1847,さかしい,1
1848,さすが,1
1849,さとい,1
1850,さりげ,1
1851,ざっくばらん,1
1852,しおらしい,1
1853,したしい,1
1854,しっくり,1
1855,しっとり,1
1856,しのぐ,1
1857,しめやか,1
1858,しゃれる,1
1859,しんなり,1
1860,すご腕,1
1861,すすどい,1
1862,すばやい,1
1863,すばらしい,1
1864,すべすべ,1
1865,すらり,1
1866,ずばぬける,1
1867,ずば抜ける,1
1868,そこはかとない,1
1869,そそる,1
1870,ぞっこん,1
1871,たくましい,1
1872,たぐい,1
1873,たやすい,1
1874,ちゃんと,1
1875,ちょうど,1
1876,つかみ,1
1877,つぶら,1
1878,つましい,1
1879,つまびらか,1
1880,つやつや,1
1881,つややか,1
1882,どんぴしゃり,1
1883,なじむ,1
1884,なじめる,1
1885,なつかしい,1
1886,なまめかしい,1
1887,にぎにぎしい,1
1888,のびのび,1
1889,のびやか,1
1890,はえる,1
1891,はしこい,1
1892,ばら色,1
1893,ひきしまる,1
1894,ぴか一,1
1895,ぴちぴち,1
1896,ぴったり,1
1897,ふさわしい,1
1898,ふたつ,1
1899,ふっくら,1
1900,ふんだん,1
1901,ふんわり,1
1902,ぷりぷり,1
1903,べた,1
1904,べらぼう,1
1905,べら棒,1
1906,ほっそり,1
1907,ほのぼの,1
1908,ほほえましい,1
1909,ほれぼれ,1
1910,まずまず,1
1911,まとまる,1
1912,まばゆい,1
1913,まめやか,1
1914,みずみずしい,1
1915,みめよい,1
1916,むつ,1
1917,めきめき,1
1918,めざましい,1
1919,めずらしい,1
1920,めでたい,1
1921,もっけの幸い,1
1922,もの珍しい,1
1923,やさしい,1
1924,やすやす,1
1925,やり手,1
1926,やわらかい,1
1927,やんごとない,1
1928,やんわり,1
1929,ゆかしい,1
1930,ゆったり,1
1931,ゆとり,1
1932,よく,1
1933,よろしい,1
1934,らい落,1
1935,りりしい,1
1936,わかり,1
1937,わくわく,1
1938,アジ,1
1939,イイ,1
1940,インテリジェント,1
1941,ウケる,1
1942,エクセレント,1
1943,エポックメーキング,1
1944,オススメ,1
1945,カッコ,1
1946,カリスマ,1
1947,キビキビ,1
1948,クリア,1
1949,グッド,1
1950,グッドルッキング,1
1951,ゴージャス,1
1952,シ,1
1953,シャレる,1
1954,シル,1
1955,ジェントル,1
1956,スゲーッ,1
1957,スゴクイイ,1
1958,スペッシャル,1
1959,スポーティ,1
1960,セーフティ,1
1961,セーフティー,1
1962,ソフィスティケート,1
1963,ゾッコン,1
1964,ダンディー,1
1965,チャーミング,1
1966,デリシャス,1
1967,トップ,1
1968,トルクフル,1
1969,ドレッシー,1
1970,ハイ,1
1971,ハイカラ,1
1972,ハイクラス,1
1973,バツグン,1
1974,ビビッド,1
1975,ビューティフル,1
1976,ピカ,1
1977,ピッタリ,1
1978,ピュア,1
1979,ファンタスチック,1
1980,ファンタスティック,1
1981,ベストチョイス,1
1982,ベター,1
1983,マル,1
1984,メキメキ,1
1985,メジャー,1
1986,メリット,1
1987,メリハリ,1
1988,ラ,1
1989,レア,1
1990,愛くるしい,1
1991,愛しい,1
1992,愛らしい,1
1993,愛想,1
1994,悪気,1
1995,扱い,1
1996,安閑,1
1997,安上り,1
1998,安定,1
1999,偉い,1
2000,威風,1
2001,意欲,1
2002,易々,1
2003,易易,1
2004,違和感,1
2005,一級,1
2006,一石二鳥,1
2007,一徹,1
2008,印象,1
2009,印象深い,1
2010,引き伸ばせる,1
2011,引っ張りだこ,1
2012,映えばえしい,1
2013,映える,1
2014,悦ばしい,1
2015,円やか,1
2016,艶,1
2017,汚れ,1
2018,奥ゆかしい,1
2019,奥床しい,1
2020,奥深い,1
2021,押し,1
2022,何気ない,1
2023,何気無い,1
2024,価する,1
2025,価値,1
2026,可愛い,1
2027,可愛らしい,1
2028,可笑しい,1
2029,家庭,1
2030,家庭的,1
2031,華,1
2032,華々しい,1
2033,華やかさ,1
2034,華華しい,1
2035,画期的,1
2036,会える,1
2037,解放,1
2038,快哉,1
2039,懐,1
2040,開放,1
2041,外柔内剛,1
2042,該博,1
2043,格好,1
2044,格好いい,1
2045,格上げ,1
2046,格段,1
2047,格別,1
2048,革新,1
2049,学べる,1
2050,楽々,1
2051,楽しめる,1
2052,楽ちん,1
2053,顎,1
2054,割,1
2055,割に,1
2056,割り,1
2057,活きる,1
2058,活き活き,1
2059,活気,1
2060,滑脱,1
2061,噛み,1
2062,乾か,1
2063,勧める,1
2064,堪能,1
2065,完全,1
2066,寛げる,1
2067,寛大,1
2068,寛闊,1
2069,干せる,1
2070,感じ,1
2071,感動,1
2072,敢然,1
2073,歓ぶ,1
2074,汗,1
2075,甘露,1
2076,閑雅,1
2077,閑閑,1
2078,閑人,1
2079,顔,1
2080,願わしい,1
2081,危なげない,1
2082,喜ばしい,1
2083,奇跡,1
2084,奇想天外,1
2085,奇天烈,1
2086,嬉々,1
2087,嬉しい,1
2088,機嫌,1
2089,毅然,1
2090,毅然たる,1
2091,毅然と,1
2092,気,1
2093,気づよい,1
2094,気安い,1
2095,気強い,1
2096,気高い,1
2097,気丈夫,1
2098,気品,1
2099,気分,1
2100,稀少,1
2101,貴い,1
2102,軌道,1
2103,輝かしい,1
2104,宜しい,1
2105,義人,1
2106,義理堅い,1
2107,吸い込める,1
2108,吸える,1
2109,究極,1
2110,許せる,1
2111,強靭,1
2112,恭しい,1
2113,興味,1
2114,興味深い,1
2115,興味津々,1
2116,驚異,1
2117,筋金入り,1
2118,近代,1
2119,金,1
2120,金城鉄壁,1
2121,金鉄,1
2122,苦,1
2123,具合,1
2124,軍配,1
2125,恵まれる,1
2126,慧眼,1
2127,敬服,1
2128,敬慕,1
2129,敬虔,1
2130,景気,1
2131,経済,1
2132,警抜,1
2133,軽捷,1
2134,芸,1
2135,隙,1
2136,欠点,1
2137,潔い,1
2138,兼ね備える,1
2139,堅忍不抜,1
2140,嫌み,1
2141,嫌味,1
2142,見やすい,1
2143,見よい,1
2144,見易い,1
2145,見込む,1
2146,見目,1
2147,見目好い,1
2148,謙抑,1
2149,賢い,1
2150,減ら,1
2151,言う,1
2152,個性,1
2153,孤高,1
2154,誇らか,1
2155,誇らしい,1
2156,誇れる,1
2157,雇える,1
2158,効き目,1
2159,効果,1
2160,口上手,1
2161,向上,1
2162,垢,1
2163,垢抜ける,1
2164,好い,1
2165,好ましい,1
2166,好もしい,1
2167,好意,1
2168,好漢,1
2169,好条件,1
2170,好適,1
2171,宏遠,1
2172,宏量,1
2173,巧緻,1
2174,広々,1
2175,広やか,1
2176,広壮,1
2177,広大,1
2178,広漠,1
2179,広量,1
2180,広闊,1
2181,昂揚,1
2182,硬骨,1
2183,肯定,1
2184,行ける,1
2185,香る,1
2186,高まる,1
2187,高める,1
2188,高雅,1
2189,高貴,1
2190,高級,1
2191,高潔,1
2192,高尚,1
2193,高水準,1
2194,高大,1
2195,高名,1
2196,高邁,1
2197,剛毅,1
2198,剛健,1
2199,剛胆,1
2200,剛勇,1
2201,合う,1
2202,合わせ,1
2203,合格,1
2204,合目的的,1
2205,合理,1
2206,豪い,1
2207,豪華,1
2208,豪気,1
2209,豪儀,1
2210,豪勢,1
2211,豪壮,1
2212,豪胆,1
2213,豪宕,1
2214,豪放,1
2215,轟かせる,1
2216,腰,1
2217,骨太,1
2218,懇ろ,1
2219,懇篤,1
2220,差,1
2221,座り,1
2222,最上,1
2223,最上級,1
2224,塞げる,1
2225,犀利,1
2226,細心,1
2227,細密,1
2228,細緻,1
2229,際だつ,1
2230,際立つ,1
2231,冴える,1
2232,三拍子,1
2233,燦燦,1
2234,燦然,1
2235,燦爛,1
2236,賛成,1
2237,賛同,1
2238,斬新,1
2239,仕合せ,1
2240,使い,1
2241,刺激,1
2242,思い切り,1
2243,思わしい,1
2244,旨い,1
2245,至高,1
2246,至便,1
2247,試し,1
2248,試せる,1
2249,事足りる,1
2250,似あわしい,1
2251,似つかわしい,1
2252,似合い,1
2253,似合しい,1
2254,慈しむ,1
2255,慈愛,1
2256,慈悲,1
2257,持ち運べる,1
2258,持ち歩ける,1
2259,治せる,1
2260,自若,1
2261,自分,1
2262,質感,1
2263,質実,1
2264,実直,1
2265,実用,1
2266,酌み交わせ,1
2267,若々しい,1
2268,若い,1
2269,若若しい,1
2270,取り扱い,1
2271,取り回し,1
2272,取り消せる,1
2273,取消せ,1
2274,手がたい,1
2275,手がるい,1
2276,手ごたえ,1
2277,手ごろ,1
2278,手っとり早い,1
2279,手っ取り早い,1
2280,手ばやい,1
2281,手びろい,1
2282,手軽い,1
2283,手堅い,1
2284,手厚い,1
2285,手広い,1
2286,手早い,1
2287,手速い,1
2288,手抜かり,1
2289,趣,1
2290,秀でる,1
2291,秀悦,1
2292,秀麗,1
2293,住める,1
2294,充溢,1
2295,充分,1
2296,十分,1
2297,柔かい,1
2298,柔らか,1
2299,柔らかい,1
2300,俊敏,1
2301,純良,1
2302,順応,1
2303,庶民,1
2304,女らしい,1
2305,勝る,1
2306,勝れる,1
2307,奨め,1
2308,奨める,1
2309,小,1
2310,小ぎれい,1
2311,小意気,1
2312,小器用,1
2313,小気味,1
2314,小気味よい,1
2315,小才,1
2316,小躍り,1
2317,床しい,1
2318,消せる,1
2319,省ける,1
2320,賞賛,1
2321,賞嘆,1
2322,上々,1
2323,上位,1
2324,上級,1
2325,上向く,1
2326,上根,1
2327,上手い,1
2328,上出来,1
2329,上上吉,1
2330,上等,1
2331,情,1
2332,情け深い,1
2333,情深い,1
2334,拭ける,1
2335,殖やせる,1
2336,色,1
2337,色っぽい,1
2338,色気,1
2339,伸ばせる,1
2340,伸び,1
2341,伸び伸び,1
2342,心,1
2343,心づよい,1
2344,心安い,1
2345,心温まる,1
2346,心掛ける,1
2347,心強い,1
2348,心丈夫,1
2349,心憎い,1
2350,心地,1
2351,心地よい,1
2352,心地好い,1
2353,心置き,1
2354,慎ましい,1
2355,慎む,1
2356,新規,1
2357,深遠,1
2358,深奥,1
2359,深切,1
2360,申し込める,1
2361,申込め,1
2362,真っ正直,1
2363,真新しい,1
2364,神々しい,1
2365,神神しい,1
2366,紳士,1
2367,親しい,1
2368,親しみ,1
2369,身,1
2370,身ぎれい,1
2371,辛抱,1
2372,辛抱強い,1
2373,人,1
2374,人懐っこい,1
2375,人気,1
2376,人情,1
2377,人目,1
2378,尋常,1
2379,水際立つ,1
2380,粋人,1
2381,酔える,1
2382,瑞々しい,1
2383,瑞瑞しい,1
2384,崇高,1
2385,数少ない,1
2386,澄ん,1
2387,澄明,1
2388,世界,1
2389,世話,1
2390,世話好き,1
2391,勢い,1
2392,整然,1
2393,整然と,1
2394,正正堂堂,1
2395,正善,1
2396,正統,1
2397,清々,1
2398,清々しい,1
2399,清い,1
2400,清新,1
2401,清清,1
2402,清清しい,1
2403,清爽,1
2404,清廉,1
2405,生,1
2406,生き生き,1
2407,盛りあがる,1
2408,盛り上がる,1
2409,盛栄,1
2410,精しい,1
2411,精細,1
2412,精良,1
2413,精悍,1
2414,誠意,1
2415,静謐,1
2416,積み込める,1
2417,積める,1
2418,積極,1
2419,絶大,1
2420,絶品,1
2421,先鋭,1
2422,先駆,1
2423,先進,1
2424,尖鋭,1
2425,洗い流せる,1
2426,洗える,1
2427,薦める,1
2428,選べる,1
2429,鮮鋭,1
2430,善良,1
2431,楚々たる,1
2432,楚楚,1
2433,素晴らしい,1
2434,素早い,1
2435,壮大,1
2436,壮麗,1
2437,掃ける,1
2438,操る,1
2439,相応,1
2440,相応しい,1
2441,聡明,1
2442,蒼古,1
2443,蒼茫,1
2444,走り,1
2445,増やせる,1
2446,憎め,1
2447,造作,1
2448,尊い,1
2449,尊大,1
2450,損,1
2451,多才,1
2452,多士,1
2453,多能,1
2454,多望,1
2455,泰山,1
2456,泰然,1
2457,大,1
2458,大いなる,1
2459,大業,1
2460,大人,1
2461,大人しい,1
2462,鷹揚,1
2463,卓越,1
2464,卓出,1
2465,卓絶,1
2466,単簡,1
2467,単品,1
2468,探せる,1
2469,端正,1
2470,端麗,1
2471,胆,1
2472,暖か,1
2473,暖かい,1
2474,暖まる,1
2475,男々しい,1
2476,男らしい,1
2477,男性,1
2478,値する,1
2479,知性,1
2480,稚い,1
2481,注げる,1
2482,張り,1
2483,調子,1
2484,超越,1
2485,超凡,1
2486,長ける,1
2487,沈毅,1
2488,珍しい,1
2489,追加,1
2490,通える,1
2491,通り,1
2492,釣り合う,1
2493,釣合う,1
2494,定か,1
2495,定評,1
2496,程よい,1
2497,諦め,1
2498,鄭重,1
2499,擢んでる,1
2500,敵,1
2501,適し,1
2502,適する,1
2503,適応,1
2504,適格,1
2505,適宜,1
2506,典雅,1
2507,天空海闊,1
2508,都雅,1
2509,都会,1
2510,陶然,1
2511,頭,1
2512,堂々,1
2513,堂々たる,1
2514,堂堂,1
2515,得意満面,1
2516,得難い,1
2517,特別,1
2518,篤い,1
2519,篤実,1
2520,独創,1
2521,独特,1
2522,馴染む,1
2523,馴染める,1
2524,軟かい,1
2525,軟らか,1
2526,軟らかい,1
2527,難,1
2528,賑わしい,1
2529,入り,1
2530,入魂,1
2531,如才,1
2532,認める,1
2533,熱望,1
2534,熱烈,1
2535,燃やせる,1
2536,粘り強い,1
2537,濃やか,1
2538,濃密,1
2539,納まる,1
2540,能力,1
2541,覗ける,1
2542,派手やか,1
2543,馬力,1
2544,廃り,1
2545,買い得,1
2546,売れ,1
2547,剥が,1
2548,剥せる,1
2549,白眉,1
2550,迫力,1
2551,抜きんでる,1
2552,抜け目,1
2553,盤石,1
2554,疲れ,1
2555,非の打ち所,1
2556,飛び抜ける,1
2557,備わる,1
2558,微笑ましい,1
2559,美々しい,1
2560,美しい,1
2561,美事,1
2562,美味い,1
2563,美味しい,1
2564,鼻,1
2565,百花繚乱,1
2566,百戦錬磨,1
2567,品,1
2568,品行,1
2569,敏い,1
2570,敏活,1
2571,不抜,1
2572,不撓,1
2573,富有,1
2574,富裕,1
2575,風雅,1
2576,風流,1
2577,風靡,1
2578,幅利き,1
2579,福福しい,1
2580,腹,1
2581,腹太,1
2582,沸か,1
2583,物わかり,1
2584,物堅い,1
2585,物知り,1
2586,分,1
2587,分かる,1
2588,分相応,1
2589,平滑,1
2590,平均,1
2591,平然,1
2592,平然たる,1
2593,平然と,1
2594,並外れる,1
2595,癖,1
2596,別格,1
2597,別懇,1
2598,別嬪,1
2599,補える,1
2600,慕わしい,1
2601,崩れ,1
2602,方正,1
2603,芳しい,1
2604,豊潤,1
2605,豊満,1
2606,飽き,1
2607,望ましい,1
2608,望む,1
2609,防ぐ,1
2610,防げる,1
2611,睦まじい,1
2612,磨ける,1
2613,末,1
2614,末頼もしい,1
2615,万鈞,1
2616,満た,1
2617,満ち,1
2618,満ち足りる,1
2619,満足,1
2620,味,1
2621,味わい深い,1
2622,味わえる,1
2623,魅する,1
2624,魅せる,1
2625,魅力,1
2626,魅惑,1
2627,脈,1
2628,夢,1
2629,夢心地,1
2630,無尽蔵,1
2631,無疵,1
2632,名,1
2633,名うて,1
2634,名だたる,1
2635,名高い,1
2636,名車,1
2637,名誉,1
2638,明けっ広げ,1
2639,明りょう,1
2640,明るい,1
2641,明達,1
2642,明哲,1
2643,明敏,1
2644,鳴ら,1
2645,面白,1
2646,面白い,1
2647,猛勇,1
2648,目,1
2649,目映い,1
2650,目指せ,1
2651,目出度い,1
2652,目新しい,1
2653,目抜き,1
2654,目立つ,1
2655,問題,1
2656,役だつ,1
2657,役に立つ,1
2658,役立つ,1
2659,訳,1
2660,愉しい,1
2661,癒す,1
2662,優れる,1
2663,優生,1
2664,優先,1
2665,優等生,1
2666,優良,1
2667,優婉,1
2668,勇ましい,1
2669,勇壮,1
2670,悠然,1
2671,悠然と,1
2672,悠長,1
2673,悠悠,1
2674,有り難い,1
2675,有り余る,1
2676,有難い,1
2677,有能,1
2678,遊べる,1
2679,雄々しい,1
2680,雄偉,1
2681,雄雄しい,1
2682,雄勁,1
2683,雄渾,1
2684,余裕,1
2685,余裕綽綽,1
2686,誉める,1
2687,幼,1
2688,妖艶,1
2689,容易い,1
2690,揺るぎない,1
2691,溶かせる,1
2692,用意,1
2693,欲,1
2694,欲張る,1
2695,頼もしい,1
2696,落ち着き払っ,1
2697,利く,1
2698,利す,1
2699,利口,1
2700,理性,1
2701,理想,1
2702,裏切る,1
2703,律儀,1
2704,流せる,1
2705,流行,1
2706,流行る,1
2707,流石,1
2708,流用,1
2709,流麗,1
2710,溜飲,1
2711,粒ぞろい,1
2712,凌ぐ,1
2713,凌駕,1
2714,涼しい,1
2715,涼やか,1
2716,良い,1
2717,良識,1
2718,良心,1
2719,力強い,1
2720,力持ち,1
2721,涙ぐましい,1
2722,冷やせる,1
2723,怜悧,1
2724,玲瓏,1
2725,麗しい,1
2726,歴々,1
2727,歴然たる,1
2728,廉潔,1
2729,廉直,1
2730,朗らか,1
2731,和らぐ,1
2732,和らげる,1
2733,話す,1
2734,腕,1
2735,腕きき,1
2736,凛々しい,1
2737,凛と,1
2738,凛乎,1
2739,凛然,1
2740,凛凛,1
2741,剴切,1
2742,屁の河童,1
2743,慥か,1
2744,昵懇,1
2745,洒々落々,1
2746,洒落る,1
2747,瀟洒,1
2748,炯眼,1
2749,煌煌,1
2750,爛漫,1
2751,甦生,1
2752,薔薇色,1
2753,讚える,1
2754,逞しい,1
2755,鑽仰,1
2756,闊達,1
2757,鞏固,1
2758,颯爽,1
